CLS_MOVIE_WEIGHT,N_TRAINING_POINTS,PERTURBATION_RATIO,N_FEATS,PERT_STD,FAILOVER,MAE,MAE_FAILOVER,rob,rob_cold
4,50,0.0,10,1.04,False,0.09475453651896171,0.1444216982922324,nan,nan
4,50,0.0,10,1.04,False,0.9895020946681257,0.7705714936903258,0.12170222593956162,0.04833383973310395
4,50,0.0,10,1.04,False,0.08964245433428442,0.9237514366061164,0.037264542756732966,0.020737499477023514
4,50,0.0,10,1.04,False,1.3089363563169556,0.2754817357461046,0.06608427984087523,0.005904862580647057
4,50,0.0,10,1.04,True,3.231266051629181,0.03593652684906079,0.10431518584316071,0.014905547523730071
4,50,0.0,10,1.04,True,4.256351682428774,1.8889823656200337,0.14153429665171605,0.058869242248514
4,50,0.0,10,1.04,True,3.734893061717039,0.07349385455902047,0.028378623019850596,0.0164156347573307
4,50,0.0,10,1.04,False,0.2808404925551189,0.6071524944019533,0.03323026616619743,0.005469166367408672
4,50,0.0,10,1.04,False,1.5838742329257478,1.0595595809317313,0.033522664854039215,0.007727098341375208
4,50,0.0,10,1.04,True,3.9027683780388207,0.9930951753132273,nan,nan
4,50,0.0,10,1.04,False,0.0487711452047348,4.355178661182835,nan,nan
4,50,0.0,10,1.04,False,0.6563148498535156,0.7962051458195774,0.12295637347664459,nan
4,50,0.0,10,1.04,False,0.5500481065658249,0.3836222414832555,nan,nan
4,50,0.0,10,1.04,False,0.002136721380895601,0.3303160971025765,0.0386930115699617,0.011660522458537406
4,50,0.0,10,1.04,True,4.0,0.16802983194321985,0.11097943683708471,nan
4,50,0.0,10,1.04,True,3.23611013340169,0.41598491005379845,0.07640420446995808,0.023889980607318177
4,50,0.0,10,1.04,True,3.749596999721349,0.18611730126046755,0.16917311424330936,0.023424384176749944
4,50,0.0,10,1.04,False,0.4296268134381247,0.45031229395358086,0.045265842036507895,0.013892462093128506
4,50,0.0,10,1.04,True,3.9003564911624635,0.7172540265455294,nan,nan
4,50,0.0,10,1.04,False,0.13877235473736427,0.12601082035391942,nan,nan
4,50,0.0,10,1.04,True,3.2808290758758485,0.13074403112702981,0.0020800154051646754,0.01031076453736462
4,50,0.0,10,1.04,False,0.36875750176371946,0.7533404106877346,0.040319722344881195,0.01119073041214084
4,50,0.0,10,1.04,True,3.475819501681833,0.07420084229872481,0.0,0.012283010714066138
4,50,0.0,10,1.04,True,3.21164505758926,0.24806467678816402,0.09098378533270454,0.01538321702149335
4,50,0.0,10,1.04,True,3.731334279933723,0.24395171082571787,0.0007234386906358863,0.011418236505863112
4,50,0.0,10,1.04,True,3.89427812712087,1.9402474229430702,nan,nan
4,50,0.0,10,1.04,False,0.08794265243031374,0.20204848375871753,nan,nan
4,50,0.0,10,1.04,False,0.8947852147521087,0.44699517245926224,0.11768422959296759,0.03254042843733928
4,50,0.0,10,1.04,False,0.019557334629726864,1.166984857924684,0.04229607327164992,0.016682746422252072
4,50,0.0,10,1.04,False,1.2109592589730735,0.026491290511052146,0.06918576266492199,0.008494546215165488
4,50,0.0,10,1.04,True,3.250046574425485,0.04032036531469618,0.1004494247833054,0.008792552646115939
4,50,0.0,10,1.04,True,3.734186084411279,0.31688561544370986,0.04041650231133226,0.014768985009895284
4,50,0.0,10,1.04,True,3.913633702614997,0.7980593327552112,nan,nan
4,50,0.0,10,1.04,False,0.077236420503763,94656.83021360118,nan,nan
4,50,0.0,10,1.04,False,1.38808165421356,0.14652244837656436,0.1322258890775591,0.007695126982390191
4,50,0.0,10,1.04,False,0.08266791507976112,0.3562517728110919,0.03947493273717801,0.00584977139199971
4,50,0.0,10,1.04,False,0.029764267765785668,0.13284638698220297,0.1049845697510577,0.008233172416007463
4,50,0.0,10,1.04,True,3.230347229002583,0.2697889038307455,0.09492231410692209,0.017491285636821518
4,50,0.0,10,1.04,False,1.5516007846337883,0.00011361179645685837,0.10069667102928055,0.017224916884611044
4,50,0.0,10,1.04,True,3.7292562905673945,0.07590443182209672,0.12394906484158426,0.01983384194188487
4,50,0.0,10,1.04,True,3.903355414639833,2.8796386311581177,nan,nan
4,50,0.0,10,1.04,False,0.29788399542292154,1.7471273014605226,nan,nan
4,50,0.0,10,1.04,False,0.06695187756856091,0.8234004000485982,0.0929368472972377,0.03681436814597074
4,50,0.0,10,1.04,False,0.0398932257231408,0.7387229004111329,0.0461692343236169,0.01761092533576348
4,50,0.0,10,1.04,False,0.535811387952339,0.16690317256853637,0.11868553555788237,0.009434859820987787
4,50,0.0,10,1.04,True,3.238640354172884,0.20900524504820872,0.08830761315859505,0.005178407419714188
4,50,0.0,10,1.04,False,1.3798652348169487,0.2927869908979881,0.10805208277889299,0.01963689215845195
4,50,0.0,10,1.04,False,1.0358042906536955,0.10497473328809193,0.1262102830064696,0.01513119726573772
4,50,0.0,10,1.04,True,3.90344506508197,1.2028242487078908,nan,nan
4,50,0.0,10,1.04,False,0.0983554770488646,0.06931068662493622,nan,nan
4,50,0.0,10,1.04,False,0.6864892196927803,0.6932874035217322,0.07165120418167045,0.011393492062091217
4,50,0.0,10,1.04,False,0.23528022021987072,0.4953644282249856,0.04351787073404145,0.009064859018837215
4,50,0.0,10,1.04,False,1.6159653493405006,0.14317680831588087,0.056323076006955616,0.00914776420525979
4,50,0.0,10,1.04,True,3.299387228417282,0.15207246253220186,0.025126210458344768,0.010806295047800868
4,50,0.0,10,1.04,True,3.731637682627584,0.149842573794567,0.14772210960051937,0.014266123705036457
4,50,0.0,10,1.04,True,3.9046889260247832,2.2546717933674967,nan,nan
4,50,0.0,10,1.04,True,3.1582521325245603,0.7034402504372346,nan,nan
4,50,0.0,10,1.04,False,1.2476472854614258,0.7859971789022793,0.07791064421343909,nan
4,50,0.0,10,1.04,False,0.2667180925307848,1.891704916823032,0.0475434098687083,0.025969479488769757
4,50,0.0,10,1.04,False,0.28324317932128906,124431.64140689085,0.14359283294521938,nan
4,50,0.0,10,1.04,True,3.1812179110176584,1.490248337236633,0.06526683772935432,0.04681721003643175
4,50,0.0,10,1.04,False,1.2148712108842128,2.089405710905779,0.12020830304630405,0.10085956671980299
4,50,0.0,10,1.04,False,0.1986598636764021,0.11768840825639115,0.04317928618206962,0.011325389034596107
4,50,0.0,10,1.04,True,3.8950687138975826,1.575895486200381,nan,nan
4,50,0.0,10,1.04,False,0.059077017465034576,1.5718736549445436,nan,nan
4,50,0.0,10,1.04,False,0.3220174795227839,0.5324098634014311,0.08433344804697618,0.009437349753044418
4,50,0.0,10,1.04,False,0.4696407571113945,0.43311144115944655,0.03892638597866128,0.007678662367094225
4,50,0.0,10,1.04,False,1.9049526379605353,0.024086800944540965,0.13643440892335765,0.006377883035539365
4,50,0.0,10,1.04,True,3.2395929499044205,0.19437304659381338,0.012007848289001425,0.014299313795622371
4,50,0.0,10,1.04,True,3.729527291421705,0.15658409834694131,0.19987247882021078,0.0244757161292145
4,50,0.0,10,1.04,True,3.903818230262084,0.4265866587289171,nan,nan
4,50,0.0,10,1.04,False,0.16770165006398097,0.9078858816233768,nan,nan
4,50,0.0,10,1.04,False,0.8619573311989401,0.43331851383045983,0.1172966404359172,0.0068312448809524345
4,50,0.0,10,1.04,False,0.012248351931493318,1.0616565348149676,0.04076902280997593,0.023077971513425746
4,50,0.0,10,1.04,False,0.7128220421002016,1.640784326103673,0.16732755381703032,0.056231051848462735
4,50,0.0,10,1.04,True,3.2288895918424263,0.1326711179011788,0.09443449897396652,0.008474277772075574
4,50,0.0,10,1.04,False,1.6026083847513908,0.4835649963201818,0.09840684266875556,0.030731200569970363
4,50,0.0,10,1.04,True,3.7289137067924307,0.2545794831780288,0.15854113145817728,0.016934478607340115
4,50,0.0,10,1.04,True,3.9030774290232304,0.23035154914103684,nan,nan
4,50,0.0,10,1.04,False,0.02446890952982006,0.9931994089178096,nan,nan
4,50,0.0,10,1.04,False,0.2254586365013731,1.0384037535716102,0.09932946352704224,0.03975044608588122
4,50,0.0,10,1.04,False,0.0059258204770937795,0.7946772128859156,0.04304054540852963,0.016070777131267127
4,50,0.0,10,1.04,False,0.5563376628401961,0.08138207052046242,0.08902552819256371,0.0062780051894745755
4,50,0.0,10,1.04,True,3.231609378777926,0.15861200125469388,0.02103876997191395,0.006630374576136701
4,50,0.0,10,1.04,False,1.5427013911384884,0.040582287070251244,0.1451189386738885,0.01833842042005902
4,50,0.0,10,1.04,True,3.729866751788824,0.06896284886520876,0.0499193430358902,0.013891272915748798
4,50,0.0,10,1.04,True,3.9034960488262485,4.952278655829783,nan,nan
4,50,0.0,10,1.04,False,0.08571005158191447,0.22549088652041638,nan,nan
4,50,0.0,10,1.04,False,0.07693782387437409,0.5957553306045855,0.0909683359700189,0.010917090256709018
4,50,0.0,10,1.04,False,0.2987588143475133,0.8067454796191678,0.041059542751672826,0.012111366261835557
4,50,0.0,10,1.04,False,1.4414316878369515,0.06184100591123132,0.10601336378366473,0.011285920411886752
4,50,0.0,10,1.04,True,3.2496668171242558,0.007810881412631865,0.09091782006458282,0.010186104658985727
4,50,0.0,10,1.04,True,3.7304573729091333,0.22017403773085142,0.22431444557692223,0.014896885421100998
4,50,0.0,10,1.04,True,3.903984625295425,0.2473938974947245,nan,nan
4,50,0.0,10,1.04,True,3.166817150502657,0.02554953832781992,nan,nan
4,50,0.0,10,1.04,False,0.9337406521576441,1.070186459272262,0.11883839896928886,0.04148603055524094
4,50,0.0,10,1.04,False,0.05340612014157298,4.18744805716333,0.11184862659607417,0.10608930310513034
4,50,0.0,10,1.04,False,1.5213878612741931,0.04999667013454534,0.06161656508246528,0.008914185574876868
4,50,0.0,10,1.04,True,3.188155266248348,0.43057475006599377,0.030286384260913096,0.02160897199997709
4,50,0.0,10,1.04,False,1.052049263357195,0.24115253617248733,0.12276400974091298,0.025662236787616453
4,50,0.0,10,1.04,True,3.7239969275747637,0.13255746186519612,0.016500772574697918,0.015399888584008063
4,50,0.0,10,1.04,True,3.9028053730294814,4.510953903505452,nan,nan
4,50,0.0,10,1.04,False,0.06651921146019468,1.2909368833204105,nan,nan
4,50,0.0,10,1.04,False,0.7756516784041572,0.7549374186310853,0.07669858549938481,0.03217710029376383
4,50,0.0,10,1.04,False,0.03169974727804803,1.042983753787885,0.04808159165020504,0.02602891574515441
4,50,0.0,10,1.04,False,0.6323885027819416,0.08160985384860764,0.08680548207363116,0.015320744694988087
4,50,0.0,10,1.04,True,2.038045809297385,1.1617236204886972,0.12202014971174839,0.05843700658296683
4,50,0.0,10,1.04,True,3.734229925138916,0.026119427761614578,0.11840184238990799,0.023570835491237455
4,50,0.0,10,1.04,True,3.903306487493296,3.838354196171616,nan,nan
4,50,0.0,10,1.04,False,0.06767521398685661,0.27595758561583095,nan,nan
4,50,0.0,10,1.04,False,0.5360809017190413,0.6284774976059819,0.12194332919556987,0.013938201519920548
4,50,0.0,10,1.04,False,0.037710307397790466,1.0005707202956877,0.037679284329158715,0.01898063435060325
4,50,0.0,10,1.04,False,0.4066613539585715,0.24260735768012154,0.09367150674117707,0.017080074568654985
4,50,0.0,10,1.04,True,3.237173924563685,0.11817704163196519,0.0916485257140554,0.014086065319459514
4,50,0.0,10,1.04,True,2.4078966120372716,0.2589123334063408,0.15099012742179793,0.03286554491292056
4,50,0.0,10,1.04,True,3.731590293462007,0.03208155362343401,0.12319219878383711,0.02001002207894481
4,50,0.0,10,1.04,True,3.9028127207871983,4.584206058933125,nan,nan
4,50,0.0,10,1.04,False,0.0017217362855177498,0.03995671731948658,nan,nan
4,50,0.0,10,1.04,True,3.2867862765716858,0.8394819558721953,0.08330042817888231,0.04844024295375506
4,50,0.0,10,1.04,False,0.023958399707774802,7.465698864585274,0.04381977931431874,0.19847008992331255
4,50,0.0,10,1.04,True,3.4883921403333438,0.13219952945465385,0.0,0.01215677770232188
4,50,0.0,10,1.04,True,3.24241031176625,0.3101028254092948,0.1073606333832452,0.019742525339059337
4,50,0.0,10,1.04,True,2.1411224417426693,0.4922255166678542,0.11118749803358784,0.03464678796884881
4,50,0.0,10,1.04,True,3.732758515124166,0.22978544054170857,0.13921239775319874,0.008267441402611531
4,50,0.0,10,1.04,True,3.9072016256578195,4.0776934302555325,nan,nan
4,50,0.0,10,1.04,False,0.06437801210595318,0.957962799026558,nan,nan
4,50,0.0,10,1.04,False,0.30775232885930937,0.4018213089348164,0.101730248671349,0.00839671982254135
4,50,0.0,10,1.04,False,0.09167540475681513,1.4630610989498032,0.04863721736901878,0.03406453428897868
4,50,0.0,10,1.04,False,0.8634340489867425,0.08465201447278092,0.07966492296986787,0.006062317139835633
4,50,0.0,10,1.04,True,3.23181558616104,1.7918486666786482,0.10008685900821021,0.05314304340523403
4,50,0.0,10,1.04,False,1.5309054510591862,0.4078057543876783,0.11000104674601874,0.025070523965711525
4,50,0.0,10,1.04,True,3.7301141974643066,0.03050516708467166,0.14832176055359042,0.01802415364673033
4,50,0.0,10,1.04,True,3.9032061045129396,0.6939862568193074,nan,nan
4,50,0.0,10,1.04,False,0.08484242186361346,0.2908219412608446,nan,nan
4,50,0.0,10,1.04,False,0.3046367941064605,0.529806939435209,0.08427199259052309,0.01241877795955786
4,50,0.0,10,1.04,False,0.06282818829134751,1.176139085890168,0.038480275484406586,0.026622900466691097
4,50,0.0,10,1.04,False,1.480501370635221,0.07680353677651652,0.14067846087499505,0.012542370500391215
4,50,0.0,10,1.04,True,3.2370196746512963,0.03120968217091935,0.014351614904549176,0.013250500554299308
4,50,0.0,10,1.04,False,1.8723485110925115,0.0504553213480996,0.12867283267622368,0.012356475130706307
4,50,0.0,10,1.04,True,3.725488810479065,0.08246377599914556,0.19017715118479786,0.01723940668368265
4,50,0.0,10,1.04,True,3.9042810273286657,0.2297427054401262,nan,nan
4,50,0.0,10,1.04,False,0.1792061035980348,1.188611862186986,nan,nan
4,50,0.0,10,1.04,False,0.5547605684345394,0.4561690313828026,0.08132938060608921,0.009580727886271519
4,50,0.0,10,1.04,False,0.848332405090332,1.1548242948528773,0.04059577189364977,nan
4,50,0.0,10,1.04,False,0.028102121129655266,0.7821457126783011,0.04311831560013891,0.011114407540872286
4,50,0.0,10,1.04,False,0.6795720293945768,0.0774430585255681,0.14660189628715364,0.009078683622542844
4,50,0.0,10,1.04,True,3.2502683972832895,0.14110165113747497,0.09373541732698039,0.012062404938383566
4,50,0.0,10,1.04,False,0.6741337410100621,0.20144099508116442,0.1429486540988119,0.009683231045716119
4,50,0.0,10,1.04,False,0.035288575598738436,0.4646670592304307,0.039126583250974414,0.007106492416618678
4,50,0.0,10,1.04,True,3.9002628606591716,0.517940884207567,nan,nan
4,50,0.0,10,1.04,False,0.08454832394405631,0.2962905744682147,nan,nan
4,50,0.0,10,1.04,False,0.15354317015559005,0.023209119283593704,0.09052958534324206,0.022177632826445578
4,50,0.0,10,1.04,False,0.028586021773116865,0.0034213015442001726,nan,nan
4,50,0.0,10,1.04,False,0.05392207689974793,1.5145068323036495,0.0761673949432425,0.03847013967002076
4,50,0.0,10,1.04,False,0.5296649932861328,1.170665643641714,0.1313658436044557,nan
4,50,0.0,10,1.04,True,3.9637488540260692,0.12248711120876354,nan,nan
4,50,0.0,10,1.04,True,3.2398925499207296,1.109308244464028,0.07083085398868473,0.03821616883129424
4,50,0.0,10,1.04,True,4.25608806663478,2.2392268242403928,0.15963036580055082,0.07479873356426726
4,50,0.0,10,1.04,True,3.7284809113764923,0.6001762607422072,0.14112508930211512,0.033514286597435765
4,50,0.0,10,1.04,True,2.4252698479536985,0.8679820382837793,0.028771330342997038,0.009952706064164795
4,50,0.0,10,1.04,True,3.9021015528106964,0.5894738169259441,nan,nan
4,50,0.0,10,1.04,False,0.0800373278338502,0.9756138707569337,nan,nan
4,50,0.0,10,1.04,False,0.2092708456702792,0.6376703976875215,0.0985044783527807,0.028223837264238518
4,50,0.0,10,1.04,False,0.009125450974960536,0.6914849439287432,0.06639179550794669,0.012096709171985196
4,50,0.0,10,1.04,False,0.7339054582438935,0.010985490485371674,0.08363029941177372,0.006262994713906577
4,50,0.0,10,1.04,True,3.2293361178120876,0.3754597454553439,0.07325438847915446,0.01956765883842906
4,50,0.0,10,1.04,False,1.7536432822046746,0.04106115390043952,0.10629922016836445,0.022662646962245753
4,50,0.0,10,1.04,True,3.7277491841420614,0.36673895143326707,0.02597955903775557,0.020639123240980904
4,50,0.0,10,1.04,True,3.9016437333795544,0.1867381992495325,nan,nan
4,50,0.0,10,1.04,False,0.04257273851516441,1.1001475773164193,nan,nan
4,50,0.0,10,1.04,False,0.009940505027770996,1.0031674516757838,0.05311075881536452,nan
4,50,0.0,10,1.04,False,0.021912645449134516,0.08252059353614172,nan,nan
4,50,0.0,10,1.04,False,0.11069728935567724,0.6632219158806683,0.03678862039683184,0.015961089972874362
4,50,0.0,10,1.04,False,0.8922075050912426,0.558945589867542,0.12937169215716013,0.022284895007996765
4,50,0.0,10,1.04,False,0.4260948529374504,0.12230305747544801,0.1553007427647517,0.021189897161763407
4,50,0.0,10,1.04,True,3.906848681333362,0.14812263546058135,nan,nan
4,50,0.0,10,1.04,True,3.239124998638495,0.07954167528202793,0.14758074902124055,0.01571247200803217
4,50,0.0,10,1.04,False,0.25696887484043085,1.3907117270629001,0.04138876981923098,0.02049898640047411
4,50,0.0,10,1.04,False,0.08202915935593413,0.5559350235116609,0.047916055691253304,0.008109480758463062
4,50,0.0,10,1.04,True,3.4801109001954735,0.1327292602194925,0.0,0.014319160943519732
4,50,0.0,10,1.04,True,3.302033075765679,0.4378917671206599,0.09423522790217452,0.01849715557055948
4,50,0.0,10,1.04,True,3.724857604287512,0.19664138571103562,0.04290795296529791,0.013049884279172082
4,50,0.0,10,1.04,True,3.1643529274142344,3.442485662800417,nan,nan
4,50,0.0,10,1.04,True,3.2675414522620083,0.3827371161248503,0.0,0.007064538023718448
4,50,0.0,10,1.04,False,0.05234934945012881,10.028169976696288,0.10860047088401226,0.2700765767187606
4,50,0.0,10,1.04,True,3.468824523091315,0.2532481136831852,0.0,0.00931928707080899
4,50,0.0,10,1.04,True,3.207041480315231,0.0037788798430016257,0.07673051209862766,0.011054605671792048
4,50,0.0,10,1.04,False,0.9555242346762127,0.16354511271810912,0.12719755642381742,0.026580101214976285
4,50,0.0,10,1.04,True,3.723156080953997,0.193188099009741,0.003915250172768042,0.01595966549798777
4,50,0.0,10,1.04,True,3.896585938412254,2.1111099903853674,nan,nan
4,50,0.0,10,1.04,False,0.10877066444059746,0.5397323568534613,nan,nan
4,50,0.0,10,1.04,False,0.697225627167974,0.33257394706037147,0.11301094908820172,0.02599976131858541
4,50,0.0,10,1.04,False,0.07252265994257368,0.7249928725640897,0.05550329781871905,0.015009060874193356
4,50,0.0,10,1.04,False,0.0022734238795312223,0.05659929900617611,0.10590277653479599,0.01087181260111432
4,50,0.0,10,1.04,True,3.2362538462154147,0.6372621139800017,0.026319342148552773,0.02745396597975288
4,50,0.0,10,1.04,False,1.9675671845036677,0.15740389668185584,0.11544393868531812,0.020227767440551374
4,50,0.0,10,1.04,True,3.7326173932531193,0.2720175352522456,0.04579817063765287,0.021603209344886257
4,50,0.0,10,1.04,True,3.9033354010349317,0.32926784358802674,nan,nan
4,50,0.5,10,1.04,False,0.034321944346516364,0.06800045556597523,nan,nan
4,50,0.5,10,1.04,False,0.0769714340388532,0.05028169015950201,0.0958712881899786,0.013776217500998257
4,50,0.5,10,1.04,False,0.055386665402388235,0.0013874848277208862,nan,nan
4,50,0.5,10,1.04,False,0.05146448726275121,0.050136361906988114,0.04815032487250269,0.011162376273115879
4,50,0.5,10,1.04,False,0.004433630715759307,0.005202070429965566,0.10579742365456928,0.01057020357582211
4,50,0.5,10,1.04,True,3.947820695688226,0.02560788443205242,nan,nan
4,50,0.5,10,1.04,True,3.23126605162918,0.07320590532128479,0.08221436772914005,0.014312260909908142
4,50,0.5,10,1.04,True,4.256351682428774,0.10606488547628867,0.12924604599568665,0.025646339838163983
4,50,0.5,10,1.04,False,0.44397140044231787,0.0255273059553649,0.23498517605101818,0.02974973250168817
4,50,0.5,10,1.04,True,3.734893061717039,0.006030784821785762,0.13382861053947048,0.014110700722297854
4,50,0.5,10,1.04,False,0.020581626585505663,0.08496672282572515,0.03778737541941532,0.011379733220230911
4,50,0.5,10,1.04,False,0.06286812559542643,0.0623916683272876,0.0539094902698372,0.005320723213874595
4,50,0.5,10,1.04,True,3.9027683780388207,0.003795158277912769,nan,nan
4,50,0.5,10,1.04,False,0.0060546420614242535,0.15442816574202922,nan,nan
4,50,0.5,10,1.04,False,0.0020432472229003906,0.2336922207279164,0.14147679122043522,nan
4,50,0.5,10,1.04,False,0.045763022050508084,0.10942808021731176,nan,nan
4,50,0.5,10,1.04,False,0.05926896549100302,0.01496061841274976,0.03860246070583313,0.015615554126038591
4,50,0.5,10,1.04,True,4.0,0.09584122523102545,0.11568480411550504,nan
4,50,0.5,10,1.04,True,3.951429403016495,0.019028277193720466,nan,nan
4,50,0.5,10,1.04,True,3.2361101334016906,0.14575510496671296,0.09558040886439104,0.00806475674293342
4,50,0.5,10,1.04,False,0.0338186206129687,0.08310159993488497,0.0687642734171912,0.030280210141903876
4,50,0.5,10,1.04,True,3.749596999721349,0.07269664516871144,0.02909897559583492,0.026590113663654467
4,50,0.5,10,1.04,False,0.004629483726209749,0.35990115562985103,0.025495842369627465,0.009357431032226563
4,50,0.5,10,1.04,False,0.005974589434184274,0.002867861354838297,0.055498672525919154,0.006346020364341191
4,50,0.5,10,1.04,True,3.900356491162464,0.01709583182692187,nan,nan
4,50,0.5,10,1.04,False,0.09241853775128028,0.1031525037654899,nan,nan
4,50,0.5,10,1.04,True,3.2808290758758485,0.03726188268163977,3.834698688728968e-05,0.013619393551016386
4,50,0.5,10,1.04,False,0.12537131705425208,0.0820809502739075,nan,nan
4,50,0.5,10,1.04,False,0.00534747489033327,0.014480474653079778,0.045138466656957796,0.003537133466515322
4,50,0.5,10,1.04,True,3.475819501681833,0.0006672616494696193,0.0,0.013288320130624299
4,50,0.5,10,1.04,True,3.940774260852415,0.03542585757736605,nan,nan
4,50,0.5,10,1.04,True,3.21164505758926,0.09126021012227215,0.09076395454211524,0.006940934700907519
4,50,0.5,10,1.04,False,0.21535068036599814,0.0638877112142211,0.20212684892727012,0.022914208289665908
4,50,0.5,10,1.04,True,3.7313342799337224,0.024565194725555628,0.07451772150501738,0.02814686420832455
4,50,0.5,10,1.04,False,1.2515328772266816,0.033332456470754224,0.04800944165403248,0.007497666804279635
4,50,0.5,10,1.04,True,3.8942781271208706,0.1512949962407304,nan,nan
4,50,0.5,10,1.04,False,0.012125439915878555,0.12603325790338316,nan,nan
4,50,0.5,10,1.04,False,0.010718394607456716,0.028447481439140887,0.0926590156654918,0.019076575943054584
4,50,0.5,10,1.04,False,0.03722998832938451,0.10276714197401926,nan,nan
4,50,0.5,10,1.04,False,0.019899703709318928,0.03944899837090832,0.030224830821515693,0.0043056364594090185
4,50,0.5,10,1.04,False,0.062412437499094864,0.05742512821462631,0.1776086146285261,0.008493483247665032
4,50,0.5,10,1.04,True,3.950239492556465,0.09484006223475427,nan,nan
4,50,0.5,10,1.04,True,3.2500465744254816,0.16566491289579943,0.09082000385621318,0.005105259849718755
4,50,0.5,10,1.04,True,2.1881590271253892,0.14419925398616362,0.07640399805274237,0.024787635796576106
4,50,0.5,10,1.04,True,3.7341860844112786,0.03148579312374933,0.22622035373203828,0.02061644178047196
4,50,0.5,10,1.04,False,0.02714132995227292,0.08297339385452585,0.054325109671283234,0.005246113673839504
4,50,0.5,10,1.04,True,3.913633702614997,0.15817217804429884,nan,nan
4,50,0.5,10,1.04,False,0.02214288056740399,0.004842844018847714,nan,nan
4,50,0.5,10,1.04,False,0.03624524245392058,0.04647244729604694,0.09190757322228334,0.014530771212301024
4,50,0.5,10,1.04,False,0.046685009505553765,0.016368288415826715,nan,nan
4,50,0.5,10,1.04,False,0.053483868946265556,0.024005264414061145,0.031430024580484,0.0043115223701271745
4,50,0.5,10,1.04,False,0.017919151041675185,0.1328533471873703,0.05157997804357811,0.012461281018329466
4,50,0.5,10,1.04,False,0.0052643745773091055,0.007291128425999549,0.11208843917477637,0.012350878700799116
4,50,0.5,10,1.04,True,3.9608518957170116,0.06589356891709919,nan,nan
4,50,0.5,10,1.04,True,3.230347229002583,0.06252938600317304,0.10010396152442536,0.006765684429576811
4,50,0.5,10,1.04,False,0.016199021961060378,0.023933537675316252,0.17100176867069097,0.015343596691069324
4,50,0.5,10,1.04,True,3.7292562905673945,0.014233141417454132,0.14391184332503962,0.01764575465688539
4,50,0.5,10,1.04,False,0.04852276266834288,0.021327967515254898,0.05604479574194217,0.004791006215393607
4,50,0.5,10,1.04,True,3.9033554146398335,0.020635247928400435,nan,nan
4,50,0.5,10,1.04,False,0.06829953993280924,0.02537371325495874,nan,nan
4,50,0.5,10,1.04,False,0.02371276089985974,0.11342303307110635,0.08837386103775924,0.019936969730969086
4,50,0.5,10,1.04,False,0.007459993350977356,0.01083047612517829,nan,nan
4,50,0.5,10,1.04,False,0.06173908073655143,0.021157206111933835,0.03408140429950915,0.0037491684192844897
4,50,0.5,10,1.04,False,0.017529412216312323,0.1220155241138281,0.05086040958224832,0.008577508765688888
4,50,0.5,10,1.04,False,0.06666950041436026,0.00594097428734397,0.10088836484996036,0.01021623978170503
4,50,0.5,10,1.04,True,3.9586124829114886,0.08031012848446428,nan,nan
4,50,0.5,10,1.04,True,3.238640354172884,0.09617508435382405,0.10231527555631487,0.006683017929315856
4,50,0.5,10,1.04,False,0.5272422489771049,0.04299640962856088,0.14654021913025747,0.012016198528632142
4,50,0.5,10,1.04,False,0.06315086376524981,0.013296364089312895,0.19449523753216463,0.04390545956751618
4,50,0.5,10,1.04,False,0.009232659418646705,0.0571974771403605,0.05520731264565465,0.006051788486306782
4,50,0.5,10,1.04,True,3.90344506508197,0.0030680709523811522,nan,nan
4,50,0.5,10,1.04,False,0.020210559175500187,0.0008525656005491378,nan,nan
4,50,0.5,10,1.04,False,0.1257158470426334,0.15872912929170369,0.0875249744619597,0.020826951386651662
4,50,0.5,10,1.04,False,0.018191545048005686,0.02731698672754268,nan,nan
4,50,0.5,10,1.04,False,0.09861164837143743,0.07756079274024774,0.03760236047510416,0.005596470986497044
4,50,0.5,10,1.04,False,0.02678333010679612,0.0414932935174952,0.10470274807462346,0.01275669497623615
4,50,0.5,10,1.04,True,3.965631616996136,0.02516637664127419,nan,nan
4,50,0.5,10,1.04,True,3.2993872284172823,0.07612788563965056,0.07726901799315723,0.006666972559191895
4,50,0.5,10,1.04,False,0.04930303857585905,0.07564164380947247,0.1678204726189179,0.024954347354431677
4,50,0.5,10,1.04,True,3.7316376826275843,0.005299929584390295,0.019648207252644316,0.033669932043341066
4,50,0.5,10,1.04,False,0.035376529640124055,0.05197554872349208,0.05492298318784153,0.007318013902915323
4,50,0.5,10,1.04,True,3.904688926024783,0.032330651090477946,nan,nan
4,50,0.5,10,1.04,True,3.158252132524561,0.08472769582299788,nan,nan
4,50,0.5,10,1.04,False,0.068145751953125,0.0096113119614607,0.11129870666668362,nan
4,50,0.5,10,1.04,True,3.7290912082906993,0.07089432072170299,nan,nan
4,50,0.5,10,1.04,False,0.03921717700343885,0.014000042755717423,0.04966027699939136,0.007535938341895567
4,50,0.5,10,1.04,False,0.3251209259033203,0.1543692024206802,0.14231794333405418,nan
4,50,0.5,10,1.04,True,3.9771023341522094,0.08141278467899404,nan,nan
4,50,0.5,10,1.04,True,3.1812179110176637,0.07937164148104658,0.07992165824666214,0.007380874948874107
4,50,0.5,10,1.04,True,3.7714531061005925,0.03738126443285594,0.009281764465461587,0.0229608283142706
4,50,0.5,10,1.04,False,0.0010333488694427295,0.05497612157351961,0.19306414702155794,0.03251900545766003
4,50,0.5,10,1.04,False,0.0422417785781386,0.138947425161561,0.04356492261390571,0.009390822085801274
4,50,0.5,10,1.04,False,0.3255276087261416,0.10969736882184389,0.051391061926244416,0.0067692437727059395
4,50,0.5,10,1.04,True,3.895068713897583,0.08471406531079584,nan,nan
4,50,0.5,10,1.04,False,0.06026076571027428,0.03577062836457934,nan,nan
4,50,0.5,10,1.04,False,0.0734236723023245,0.10245349718591212,0.09137037451563354,0.009269782313583084
4,50,0.5,10,1.04,False,0.07264289231657983,0.024768817323696624,nan,nan
4,50,0.5,10,1.04,False,0.028296206923640987,0.005817212126234317,0.045340176392990206,0.004961344775797892
4,50,0.5,10,1.04,False,0.08730100851259781,0.06151390083691188,0.14253735339355827,0.009725043188644637
4,50,0.5,10,1.04,True,3.956512241542542,0.0712004857076356,nan,nan
4,50,0.5,10,1.04,True,3.2395929499044187,0.0841533760026989,0.09844217830480677,0.009262233141725614
4,50,0.5,10,1.04,False,0.030112229128193668,0.07228718405511003,0.17163126262375553,0.013214011914406125
4,50,0.5,10,1.04,True,3.729527291421705,0.021823039198606065,0.19820958562987082,0.013013488542171756
4,50,0.5,10,1.04,True,3.051388481058896,0.045630049760346125,0.019156166895283322,0.006987231943293168
4,50,0.5,10,1.04,True,3.903818230262084,0.024170261208348975,nan,nan
4,50,0.5,10,1.04,False,0.09500019590138331,0.06533180793068549,nan,nan
4,50,0.5,10,1.04,False,0.06494830082010283,0.03771527951633491,0.0910587914370561,0.010288759784406503
4,50,0.5,10,1.04,False,0.010229973936072057,0.026320399965577224,nan,nan
4,50,0.5,10,1.04,False,0.03724356896745018,0.03153475407556927,0.044741002688143384,0.0026033812259342653
4,50,0.5,10,1.04,False,0.00202687060825113,0.040808837726986624,0.058390242029591054,0.005731071570284828
4,50,0.5,10,1.04,False,1.0810487042434147e-05,0.02058922390460438,0.10594277651570742,0.013086562233899712
4,50,0.5,10,1.04,True,3.9592367847754453,0.09041806637867378,nan,nan
4,50,0.5,10,1.04,True,3.2288895918424263,0.058460718132104184,0.024112222667676313,0.014082546462264442
4,50,0.5,10,1.04,False,0.045580921507764494,0.03331747902042714,0.24257969763217743,0.015616288574077866
4,50,0.5,10,1.04,True,3.7289137067924307,0.017796984728701393,0.04584768268869807,0.02651683270359659
4,50,0.5,10,1.04,False,0.9517918893557455,0.05728946337126484,0.053264081499864,0.006171965463828727
4,50,0.5,10,1.04,True,3.9030774290232304,0.0040245372494256415,nan,nan
4,50,0.5,10,1.04,False,0.009269009856358146,0.05173687981843811,nan,nan
4,50,0.5,10,1.04,False,0.06395722887808208,0.06028485211337298,0.09475785515619531,0.013564483916536401
4,50,0.5,10,1.04,False,0.04847885291999088,0.05190074778833331,nan,nan
4,50,0.5,10,1.04,False,0.030293921239890054,0.030573570586753362,0.026236092381794262,0.003758842772381901
4,50,0.5,10,1.04,False,0.029565646045123017,0.07859565919170297,0.04044603109875518,0.010797274203557684
4,50,0.5,10,1.04,False,0.08457010159461831,0.013056368918800132,0.10853676547923388,0.01059359520968428
4,50,0.5,10,1.04,True,3.9604687338966835,0.0953601491192444,nan,nan
4,50,0.5,10,1.04,True,3.231609378777926,0.12494973314819369,0.08436486448529554,0.008286710559732208
4,50,0.5,10,1.04,False,0.4325706042427364,0.06673463317714479,0.15078958851757646,0.01682716527230472
4,50,0.5,10,1.04,True,3.729866751788824,0.0029347973583320197,0.1215174761489898,0.056917641979634455
4,50,0.5,10,1.04,False,0.04215477353282715,0.03533655909503164,0.05483461077762771,0.00317804332144971
4,50,0.5,10,1.04,True,3.9034960488262485,0.020681475154509243,nan,nan
4,50,0.5,10,1.04,False,0.03857540793651815,0.06759590459671383,nan,nan
4,50,0.5,10,1.04,False,0.05777278481187409,0.048965816834541265,0.09524881482689312,0.011958009488399698
4,50,0.5,10,1.04,False,0.16401933606718888,0.04152990397115097,nan,nan
4,50,0.5,10,1.04,False,0.050692727553121486,0.005769987699618007,0.05012839641251411,0.00474160532843382
4,50,0.5,10,1.04,False,0.08993537568538734,0.014565057149886318,0.11508329321570951,0.010707097188440122
4,50,0.5,10,1.04,True,3.9571403772195746,0.023598193939089462,nan,nan
4,50,0.5,10,1.04,True,3.2496668171242553,0.13611697591027694,0.07281187400361701,0.008314546485507567
4,50,0.5,10,1.04,False,0.10372228456296773,0.04834155344853963,0.1669706663299605,0.009799086981771865
4,50,0.5,10,1.04,True,3.7304573729091333,0.025711203690674367,0.07286486446806381,0.018755760553473853
4,50,0.5,10,1.04,True,2.182990912916889,0.06212214868967525,0.03256082657805622,0.012420043459070433
4,50,0.5,10,1.04,True,3.903984625295425,0.030863193258086508,nan,nan
4,50,0.5,10,1.04,True,3.166817150502657,0.019144503308783367,nan,nan
4,50,0.5,10,1.04,False,0.039169513629099484,0.025120991234670154,0.09129830304413535,0.014237949277544635
4,50,0.5,10,1.04,True,3.7367597048369996,0.019774498448713373,nan,nan
4,50,0.5,10,1.04,False,0.06803209240020225,0.0029231130784785897,0.04617615121317747,0.004056621209942277
4,50,0.5,10,1.04,False,0.041561485131806464,0.084657398616101,0.11153775877782447,0.04719219375140482
4,50,0.5,10,1.04,False,0.08415634820609208,0.012907089907055802,0.10945163053003822,0.015496028416190494
4,50,0.5,10,1.04,True,3.9465824759492887,0.009904377218650673,nan,nan
4,50,0.5,10,1.04,True,3.1881552662483483,0.04010518180446887,0.04271401664269045,0.010667374452702189
4,50,0.5,10,1.04,False,0.33343611562159925,0.00988628067158892,0.1552028265137065,0.02580496354615581
4,50,0.5,10,1.04,True,3.723996927574764,0.09142031630851255,0.15847894610556287,0.011068246389129966
4,50,0.5,10,1.04,False,0.021001097516693434,0.0558751624776761,0.05537538448129454,0.006552525766257259
4,50,0.5,10,1.04,True,3.9028053730294814,0.004562063434895514,nan,nan
4,50,0.5,10,1.04,False,0.06479186885460386,0.27580797029261594,nan,nan
4,50,0.5,10,1.04,False,0.3955771773665595,0.0090516582181559,0.08181672360040633,0.012321927311693803
4,50,0.5,10,1.04,False,0.09766155503281615,0.029015512376499242,nan,nan
4,50,0.5,10,1.04,False,0.03946414405832144,0.017696425916827963,0.04510966063211105,0.006150538159985893
4,50,0.5,10,1.04,False,0.03026875896628045,0.08830813119293968,0.05305216990109482,0.005309367348299853
4,50,0.5,10,1.04,False,0.5249861781054279,0.02952196627080461,0.09007514482104914,0.02145238436235279
4,50,0.5,10,1.04,True,3.9524402763894213,0.015482216699739926,nan,nan
4,50,0.5,10,1.04,False,0.03136379954355739,0.2078761594175842,0.1717996622114389,0.017033749470310954
4,50,0.5,10,1.04,True,3.734229925138916,0.06299160435736306,0.1172056396245201,0.03349588604591522
4,50,0.5,10,1.04,False,0.2433410754838361,0.046821302483227356,0.07294935028655528,0.005018112665707407
4,50,0.5,10,1.04,True,3.9033064874932966,0.0952700975242391,nan,nan
4,50,0.5,10,1.04,False,0.016291279619710775,0.04703944906976609,nan,nan
4,50,0.5,10,1.04,False,0.029255454636521794,0.0004071046366993514,0.09366319080508236,0.013578672693565674
4,50,0.5,10,1.04,False,0.07424186290777479,0.004548195132959787,nan,nan
4,50,0.5,10,1.04,False,0.08992119245361474,0.0035131606357459155,0.03838803158454549,0.0041229122091224445
4,50,0.5,10,1.04,False,0.14928304985994778,0.02245774423510216,0.053928259340762626,0.019373463902306015
4,50,0.5,10,1.04,True,2.0876019820103293,0.01673724219030337,0.04249841557470551,0.009040862333157514
4,50,0.5,10,1.04,True,3.9581432151337075,0.08847278182016494,nan,nan
4,50,0.5,10,1.04,True,3.2371739245636846,0.08261045872064088,0.04614326317023863,0.010134595027575109
4,50,0.5,10,1.04,False,0.09616074358329207,0.11082648017056007,0.16809520307232614,0.018189335820732195
4,50,0.5,10,1.04,True,3.731590293462007,0.03052404498237893,0.0013620472996784914,0.025308481987181858
4,50,0.5,10,1.04,False,0.16146599462893807,0.05959131111035543,0.05308186254756789,0.005995213177719704
4,50,0.5,10,1.04,True,3.9028127207871983,0.025090380604005258,nan,nan
4,50,0.5,10,1.04,False,0.007037516925166187,0.1073916167197293,nan,nan
4,50,0.5,10,1.04,True,3.2867862765716858,0.014623531703536585,0.027302692999061462,0.01464266423829701
4,50,0.5,10,1.04,False,0.017266411623674482,0.038826055250765545,nan,nan
4,50,0.5,10,1.04,False,0.08827292494391914,0.02422217074042532,0.04725931803358777,0.002174378381142911
4,50,0.5,10,1.04,False,0.0801255254096791,0.08420855874273858,0.052855215006534964,0.021850992974920786
4,50,0.5,10,1.04,True,3.4883921403333438,0.046091470952437597,0.0,0.009988259822204335
4,50,0.5,10,1.04,True,3.9593911292635227,0.12254105559891482,nan,nan
4,50,0.5,10,1.04,True,3.2424103117662497,0.14110395455244307,0.07088904699958774,0.008850536364733349
4,50,0.5,10,1.04,False,0.10175587609027748,0.12996353280624895,0.23452710140103183,0.034140363812787705
4,50,0.5,10,1.04,True,3.7327585151241656,0.0008073230651843843,0.006739052504239939,0.04666155324744647
4,50,0.5,10,1.04,False,0.5705040976997395,0.04974504333002816,0.05967548489289536,0.005391792927801941
4,50,0.5,10,1.04,True,3.90720162565782,0.029804169704791494,nan,nan
4,50,0.5,10,1.04,False,0.05309749753760151,0.08471484569920573,nan,nan
4,50,0.5,10,1.04,False,0.010232013715763877,0.05686928941203506,0.09272908946346593,0.012901165498671192
4,50,0.5,10,1.04,False,0.09985476127265258,0.02348995523924824,nan,nan
4,50,0.5,10,1.04,False,0.08639419000110449,0.031690502048651314,0.04948495814514201,0.003815959891654534
4,50,0.5,10,1.04,False,0.028752450197488955,0.040621131946518396,0.09662527886497968,0.0242867515781943
4,50,0.5,10,1.04,False,0.07298806061713936,0.017610381920707407,0.10817254137433158,0.009588170162076283
4,50,0.5,10,1.04,True,3.958584331156661,0.06227251427424596,nan,nan
4,50,0.5,10,1.04,True,3.23181558616104,0.07884699386338401,0.013161335807046445,0.010297724483112053
4,50,0.5,10,1.04,False,0.04435225892051431,0.052404499959865625,0.16830692324611166,0.036002425252816536
4,50,0.5,10,1.04,True,3.7301141974643066,0.0028608614663712117,0.16630614390958487,0.02495264062584594
4,50,0.5,10,1.04,False,0.005600172653665858,0.062079568037900934,0.05523774159228284,0.003260978982648909
4,50,0.5,10,1.04,True,3.9032061045129396,0.0031046091809674436,nan,nan
4,50,0.5,10,1.04,False,0.02130291685873109,0.11446200640653537,nan,nan
4,50,0.5,10,1.04,False,0.0056642713384862375,0.07103941810316128,0.09305566184237088,0.010768058214579075
4,50,0.5,10,1.04,False,0.0058261981746308145,0.00039327759287299813,nan,nan
4,50,0.5,10,1.04,False,0.006732369760192647,0.057283018817723796,0.046093491959687274,0.0046217958688896344
4,50,0.5,10,1.04,False,0.044747476926601415,0.07993413517255377,0.07874221258752691,0.02163590292273044
4,50,0.5,10,1.04,False,0.03860028287429573,0.00565396993205125,0.10475492732753079,0.0150889251426661
4,50,0.5,10,1.04,True,3.954885202643133,0.056940885728779644,nan,nan
4,50,0.5,10,1.04,True,3.2370196746512945,0.07490642773279843,0.07180384687529265,0.009198558854158207
4,50,0.5,10,1.04,False,0.03638342631593616,0.10540464350376544,0.1720040943816981,0.014763502463750139
4,50,0.5,10,1.04,True,3.725488810479065,0.03493287836896508,0.22955446283382927,0.010050245981087719
4,50,0.5,10,1.04,False,0.291854690870915,0.04921589281792649,0.07412153821626041,0.007584493371316703
4,50,0.5,10,1.04,True,3.9042810273286657,0.04124690928323593,nan,nan
4,50,0.5,10,1.04,False,0.039145737374866485,0.08177934449161439,nan,nan
4,50,0.5,10,1.04,False,0.0656984975879813,0.08481741858343916,0.09470066435102968,0.007896452029489343
4,50,0.5,10,1.04,False,0.07116222381591797,0.07874683626156065,0.05060628932655399,nan
4,50,0.5,10,1.04,False,0.062051496282244045,0.0769084402824678,0.04108320526563198,0.005485234988768173
4,50,0.5,10,1.04,False,0.008924646658371227,0.08176830183276751,0.1030308036452853,0.02647789394000822
4,50,0.5,10,1.04,True,3.97159461428435,0.13327666160694918,nan,nan
4,50,0.5,10,1.04,True,3.2502683972832855,0.14898684148222818,0.013095988827227314,0.006883095072076006
4,50,0.5,10,1.04,False,0.08551258080897206,0.11632943988465527,0.1878475274820268,0.012015270208099437
4,50,0.5,10,1.04,False,0.03635219420112046,0.027391103839253805,0.20086714686677945,0.02997614940719304
4,50,0.5,10,1.04,False,0.04572868675901365,0.048066041392629266,0.040693860034323695,0.012725370428699354
4,50,0.5,10,1.04,True,2.3415667118297643,0.05262527580785292,0.03065605160737004,0.006451022418876561
4,50,0.5,10,1.04,True,3.900262860659172,0.04843529519355094,nan,nan
4,50,0.5,10,1.04,False,0.046551376983678505,0.19585021933415314,nan,nan
4,50,0.5,10,1.04,False,0.0010294277086906334,0.0674456775210901,0.09317453691484669,0.011473181037793302
4,50,0.5,10,1.04,False,0.07595122683833377,0.06795889773775965,nan,nan
4,50,0.5,10,1.04,False,0.004117614730934527,0.04958080790801933,0.04511041302828242,0.003433670162989015
4,50,0.5,10,1.04,False,0.08898554257657043,0.005859222738117786,0.05904773464899877,0.0038888912708969184
4,50,0.5,10,1.04,False,0.0006017684936523438,0.027830745950779612,0.0913110651167519,nan
4,50,0.5,10,1.04,True,3.9637488540260692,0.09547990445198007,nan,nan
4,50,0.5,10,1.04,True,3.2398925499207305,0.09558731267438603,0.07901978529807842,0.006459373931178382
4,50,0.5,10,1.04,True,4.25608806663478,0.10756730629693312,0.1580825733954662,0.030064734025255592
4,50,0.5,10,1.04,False,0.18253354073263983,0.007549552195952547,0.21865035680110845,0.03645499615527267
4,50,0.5,10,1.04,True,3.7284809113764927,0.03032442416384651,0.01689020065868152,0.02585580183581924
4,50,0.5,10,1.04,True,2.1594481526259397,0.028771987968936763,0.03322317908876861,0.0047852809378515675
4,50,0.5,10,1.04,True,3.9021015528106964,0.003223381936856118,nan,nan
4,50,0.5,10,1.04,False,0.06897452252320546,0.014665924457481161,nan,nan
4,50,0.5,10,1.04,False,0.09541331646961337,0.027890469180055,0.08987980636631598,0.012950839197685297
4,50,0.5,10,1.04,False,0.034461308034478666,0.03157867453050889,nan,nan
4,50,0.5,10,1.04,False,0.04054077885963814,0.02642608903673116,0.048573341571545706,0.0030053260374551215
4,50,0.5,10,1.04,False,0.09918091667320361,0.09320350555783996,0.06397559488553058,0.2565282897487214
4,50,0.5,10,1.04,False,0.11630902310986624,0.014330346975019115,0.10951348793092862,0.008413194837977393
4,50,0.5,10,1.04,True,3.9595156012941826,0.07043421187780874,nan,nan
4,50,0.5,10,1.04,True,3.229336117812089,0.07483218934733848,0.09392293581723954,0.013473923235397447
4,50,0.5,10,1.04,False,0.10803366497139866,0.05697230255890684,0.16542694267055583,0.02182211219127076
4,50,0.5,10,1.04,True,3.727749184142062,0.04679131774926226,0.04828019245817748,0.011969389352239219
4,50,0.5,10,1.04,False,0.1223298664102952,0.011655631960159063,0.05381448369734654,0.00701538343304333
4,50,0.5,10,1.04,True,3.9016437333795544,0.01850134280464033,nan,nan
4,50,0.5,10,1.04,False,0.018521545542452333,0.10021571454142686,nan,nan
4,50,0.5,10,1.04,False,0.07335448265075684,0.06349044798705172,0.05533373758172788,nan
4,50,0.5,10,1.04,False,0.039986681093665766,0.01460323640864658,nan,nan
4,50,0.5,10,1.04,False,0.10715508460998535,0.035880283135196755,0.08622647142353784,nan
4,50,0.5,10,1.04,False,0.03469135368673193,0.029682488735907064,0.057473188081390625,0.004792689622308305
4,50,0.5,10,1.04,False,0.0120187980093438,0.0569606456285876,0.10266101936137914,0.007328189966711588
4,50,0.5,10,1.04,False,0.5239093149387481,0.020400773991787968,0.16207833639002242,0.02318941684809683
4,50,0.5,10,1.04,False,0.24935952519060178,0.09796378496615699,0.18693179211102517,0.019000482730096982
4,50,0.5,10,1.04,False,0.0175957003811007,0.0921081868153868,0.03737943675332505,0.012561732889988316
4,50,0.5,10,1.04,True,3.9068486813333623,0.057023798866630226,nan,nan
4,50,0.5,10,1.04,False,0.059755162049492494,0.09749851802093001,nan,nan
4,50,0.5,10,1.04,True,3.239124998638494,0.025522030030910692,0.4344193727211647,0.025089403763258987
4,50,0.5,10,1.04,False,0.03849355025875445,0.07838938432530584,nan,nan
4,50,0.5,10,1.04,False,0.019830565543486056,0.020364787876868462,0.045044588757703265,0.003559157087579877
4,50,0.5,10,1.04,False,0.071481888007348,0.13969992279317722,0.04951380154408501,0.005222698125372676
4,50,0.5,10,1.04,True,3.4801109001954726,0.04341443928370037,0.0,0.009475945008913338
4,50,0.5,10,1.04,True,3.960888372250417,0.021515398779039963,nan,nan
4,50,0.5,10,1.04,True,3.3020330757656726,0.2411775951526529,0.08728030057479311,0.0048466228585393985
4,50,0.5,10,1.04,False,0.07830541727324869,0.11758009996469632,0.3110512056367096,0.040242015696846906
4,50,0.5,10,1.04,True,3.7248576042875117,0.03329664657614595,0.009267405423683876,0.022998409166529968
4,50,0.5,10,1.04,False,0.42891575176909047,0.02609522708311829,0.07687134855571467,0.006700014439347241
4,50,0.5,10,1.04,True,3.899604657564512,0.12145797125587654,nan,nan
4,50,0.5,10,1.04,True,3.164352927414235,0.10334259673765356,nan,nan
4,50,0.5,10,1.04,True,3.2675414522620088,0.009371623568740883,0.0,0.016163386487928567
4,50,0.5,10,1.04,True,3.726401753331088,0.14438693044705575,nan,nan
4,50,0.5,10,1.04,False,0.2700364303718703,0.028736781667058953,0.07807312255945122,0.005359144918721436
4,50,0.5,10,1.04,False,0.067880889367121,0.026361400246901923,0.10819283857418822,0.01821486619107832
4,50,0.5,10,1.04,True,3.4688245230913153,0.09791965925390445,0.0,0.013457580549832522
4,50,0.5,10,1.04,True,3.9674655644656314,0.1808763727059821,nan,nan
4,50,0.5,10,1.04,True,3.2070414803152336,0.09556585310408483,0.05575845926270022,0.006990824904269398
4,50,0.5,10,1.04,False,0.03927710523590511,0.12190393783310993,0.1685577414471062,0.02267352482712778
4,50,0.5,10,1.04,True,3.7231560809539967,0.028317487645521222,0.02397257190987388,0.014430545620639825
4,50,0.5,10,1.04,True,4.133259213156461,0.05459360035797278,0.054612549460953466,0.011839768848938812
4,50,0.5,10,1.04,True,3.896585938412254,0.2340143449761758,nan,nan
4,50,0.5,10,1.04,False,0.041302625430618356,0.02502778066028899,nan,nan
4,50,0.5,10,1.04,False,0.029791173203740584,0.06734953599681726,0.09411793148768823,0.009711322548390425
4,50,0.5,10,1.04,False,0.031709587992618804,0.09887114370649774,nan,nan
4,50,0.5,10,1.04,False,0.00590737265527741,0.02192898762626161,0.03476756143789346,0.002418633081281973
4,50,0.5,10,1.04,False,0.026682396575874456,0.07857049212586809,0.04215845332890363,0.007729777368510429
4,50,0.5,10,1.04,False,0.26611648341932614,0.001593019161032938,0.09787056842812455,0.008933861594525163
4,50,0.5,10,1.04,True,3.9565481427408318,0.04372128482078397,nan,nan
4,50,0.5,10,1.04,True,3.2362538462154147,0.12874788734171672,0.0410306858000428,0.006868039740299957
4,50,0.5,10,1.04,False,0.09721066660106858,0.056672680194779446,0.1752071263049547,0.016990916955600656
4,50,0.5,10,1.04,True,3.7326173932531193,0.013410907619003432,0.06883361828638364,0.014502932076781062
4,50,0.5,10,1.04,False,0.012491579713779899,0.04018120976029671,0.05496051286114561,0.00667779364184129
4,50,0.5,10,1.04,True,3.9033354010349317,0.011165450847261393,nan,nan
4,50,1.0,10,1.04,False,0.046285708317668206,0.07529355900655998,nan,nan
4,50,1.0,10,1.04,False,0.09270060116086354,0.009181053924669946,0.014094401137806536,0.0014211508027110636
4,50,1.0,10,1.04,False,0.09708795698287531,0.05000876944413646,0.09094420191420116,0.0028291860993997424
4,50,1.0,10,1.04,False,0.08689295953657661,0.007253514229237368,nan,nan
4,50,1.0,10,1.04,False,0.0362694716338785,0.008368131532745071,0.03814284932481562,0.00018464749286589469
4,50,1.0,10,1.04,False,0.04768712406537379,0.0554057024577812,0.046821773178386775,0.007793847778930488
4,50,1.0,10,1.04,False,0.024597405206115752,0.011975077920196586,0.10518357528120281,0.001742385867509803
4,50,1.0,10,1.04,True,3.947820695688226,0.04443453361467098,nan,nan
4,50,1.0,10,1.04,True,3.23126605162918,0.04956344570342841,0.026135315580886123,0.0015284346467901253
4,50,1.0,10,1.04,True,4.256351682428774,0.12514279615258062,0.26943879987965064,0.018574264711557105
4,50,1.0,10,1.04,False,0.40699291724224507,0.03184470182693344,0.17084549758795708,0.011681322565631943
4,50,1.0,10,1.04,True,3.734893061717039,0.010545719600350445,0.05972214923474784,0.027457604421841576
4,50,1.0,10,1.04,False,0.018971538850284908,0.04104968520449548,0.03736153953171112,5.401670375167915e-05
4,50,1.0,10,1.04,False,0.05582047239718424,0.035530811535815054,0.05400395358241117,0.0003636873632840522
4,50,1.0,10,1.04,True,3.9027683780388207,0.0129663761567822,nan,nan
4,50,1.0,10,1.04,False,0.009021279950904848,0.17102316870337608,nan,nan
4,50,1.0,10,1.04,False,0.04902299357480011,0.04312469863569657,0.023901130649145837,0.0023903601754910863
4,50,1.0,10,1.04,False,0.07408571243286133,0.0,0.1436317680367237,nan
4,50,1.0,10,1.04,False,0.05091618861233371,0.09641180337033717,nan,nan
4,50,1.0,10,1.04,False,0.042687959851136714,0.04108283575529459,0.036495889328567815,0.0008135193825661324
4,50,1.0,10,1.04,False,0.01327179454928018,5.99150423949979e-05,0.04088753910316689,0.007459208299020074
4,50,1.0,10,1.04,True,4.0,0.0,0.2781300310646702,nan
4,50,1.0,10,1.04,True,3.951429403016495,0.02994535757601202,nan,nan
4,50,1.0,10,1.04,True,3.2361101334016906,0.03867484263921561,0.04390996315039437,0.0013703714550283277
4,50,1.0,10,1.04,True,4.2551286920611044,0.1385579579710221,0.13723970411390843,0.024017669524003624
4,50,1.0,10,1.04,False,0.030749935081352486,0.115213534252534,0.04331320627807967,0.018242742148803157
4,50,1.0,10,1.04,True,3.749596999721349,0.12080605579143855,0.021052901914303132,0.043638426432335425
4,50,1.0,10,1.04,False,0.06575285485047822,0.19113908063028662,0.03742898576641992,0.00021624303383971905
4,50,1.0,10,1.04,False,0.16838878527589873,0.026846144550471962,0.05316159073381308,0.0013717361278854068
4,50,1.0,10,1.04,True,3.9003564911624635,0.0002544469239089686,nan,nan
4,50,1.0,10,1.04,False,0.0339339834605088,0.08951777199783217,nan,nan
4,50,1.0,10,1.04,False,0.32195191572413195,0.10294677736549795,0.026136262348228495,0.0017150951733593016
4,50,1.0,10,1.04,True,3.2808290758758485,0.006166340798273939,0.08176452328372752,0.004403641261811184
4,50,1.0,10,1.04,False,0.038953443382759634,0.06621095580220082,nan,nan
4,50,1.0,10,1.04,False,0.020712629479783917,0.04435418956420678,0.04480279355036411,0.0002769542067844237
4,50,1.0,10,1.04,False,0.012572340272726024,0.09494544920675896,0.038994497386050785,0.0086892452641879
4,50,1.0,10,1.04,True,3.475819501681833,0.027935153415040492,0.0,0.0064255559723379475
4,50,1.0,10,1.04,True,3.940774260852415,0.01639546130362568,nan,nan
4,50,1.0,10,1.04,True,3.21164505758926,0.021423056989287925,0.02531522449436985,0.0010121030711824075
4,50,1.0,10,1.04,True,4.248881675352476,0.03947245135487343,0.17053127303043566,0.015916212610363724
4,50,1.0,10,1.04,False,0.29135852338357626,0.07574671385183063,0.23133462752099718,0.018079000331469898
4,50,1.0,10,1.04,True,3.7313342799337224,0.041174041506020664,0.5197960309684578,0.02844191630570049
4,50,1.0,10,1.04,False,0.010993787563963853,0.018134289307050633,0.04458669266507103,0.00015965720943872036
4,50,1.0,10,1.04,True,2.615134323378415,0.007374196181930692,0.02517252757382124,0.0006658657331678542
4,50,1.0,10,1.04,True,3.8942781271208706,0.12812362090428175,nan,nan
4,50,1.0,10,1.04,False,0.09989362212635822,0.17421064181927326,nan,nan
4,50,1.0,10,1.04,False,0.07927790166909343,0.017970619150689426,0.029752444171765265,0.0014298030080826085
4,50,1.0,10,1.04,False,0.07572121492013162,0.051902913843726584,0.09021217604777894,0.002314256551794571
4,50,1.0,10,1.04,False,0.028134849317099864,0.10052578256965372,nan,nan
4,50,1.0,10,1.04,False,0.04724083110494792,0.06916792710681996,0.033547625928039525,0.00014707839314427777
4,50,1.0,10,1.04,False,0.09589126252574687,0.10496088842650053,0.05488935285232103,0.0033336002843151543
4,50,1.0,10,1.04,False,0.09759980767912779,0.06624737474749365,0.1030799072595183,0.0038772049379176884
4,50,1.0,10,1.04,True,3.9502394925564643,0.06641967405910298,nan,nan
4,50,1.0,10,1.04,True,3.2500465744254816,0.15712886228629364,0.058907752468067565,0.0013626065874846327
4,50,1.0,10,1.04,True,4.245892076458164,0.04529590474797818,0.03731854203202797,0.010415295798840853
4,50,1.0,10,1.04,False,0.02266315462783064,0.15031876246733722,0.16949422267179345,0.017327903593557632
4,50,1.0,10,1.04,True,3.7341860844112786,0.010980117000989331,0.11143684925189754,0.013593262185185848
4,50,1.0,10,1.04,False,0.07359707355499268,0.0,0.017268402809296455,nan
4,50,1.0,10,1.04,False,0.05286907882312253,0.05925212609187813,0.05398026745004316,0.0008406422099436314
4,50,1.0,10,1.04,True,3.913633702614997,0.16654725643041512,nan,nan
4,50,1.0,10,1.04,False,0.02513074220070477,0.043203683152950756,nan,nan
4,50,1.0,10,1.04,False,0.07838076448785003,0.01390397675530064,0.012021796227950484,0.0009941475076574125
4,50,1.0,10,1.04,False,0.08439244399200652,0.024109129303967247,0.09054467395828568,0.0017058881304334269
4,50,1.0,10,1.04,False,0.04687926242132612,0.013801358077869974,nan,nan
4,50,1.0,10,1.04,False,0.09396848548488679,0.0018470264986341078,0.04211939101149453,0.0001687611970034891
4,50,1.0,10,1.04,False,0.03361186191814003,0.052264139543692245,0.05064709925895642,0.0028740936973034492
4,50,1.0,10,1.04,False,0.00412068065335891,0.016903066141969347,0.10576524076301397,0.003612965610284467
4,50,1.0,10,1.04,True,3.9608518957170116,0.10482940011280384,nan,nan
4,50,1.0,10,1.04,True,3.2303472290025836,0.06023778382160616,0.0453034388734228,0.001993800719389201
4,50,1.0,10,1.04,True,4.249299770878265,0.07843264573252284,0.11056667653690508,0.020076432385506673
4,50,1.0,10,1.04,False,0.12212005200561604,0.0518015396057403,0.17578313524716938,0.02181265260061088
4,50,1.0,10,1.04,True,3.7292562905673945,0.0032830779463290938,0.5466707864709739,0.011230460527174808
4,50,1.0,10,1.04,False,0.030934503279078207,0.0014247012572621287,0.036496482708987636,0.0003418142166927052
4,50,1.0,10,1.04,False,0.02033548773548155,0.00620431567885138,0.07063972644512037,0.0002404740974421569
4,50,1.0,10,1.04,True,3.903355414639833,0.011230444284938912,nan,nan
4,50,1.0,10,1.04,False,0.09137821997126139,0.05356667607633803,nan,nan
4,50,1.0,10,1.04,False,0.08289423992984801,0.014188297939725647,0.009230423729084659,0.0036843518980896727
4,50,1.0,10,1.04,False,0.016620523427325562,0.02836208956481867,0.08818458322228855,0.003067743470380346
4,50,1.0,10,1.04,False,0.05397879599379962,0.040333518383184774,nan,nan
4,50,1.0,10,1.04,False,0.05090319473496452,7.477257271570892e-05,0.04038691211314934,0.00024148315439415137
4,50,1.0,10,1.04,False,0.03141300291455451,0.03725879756131345,0.05135786967905312,0.004125473909701592
4,50,1.0,10,1.04,False,0.05156632607794931,0.017932443316635016,0.10438102864811079,0.003941390300124813
4,50,1.0,10,1.04,True,3.9586124829114886,0.10233823982639612,nan,nan
4,50,1.0,10,1.04,True,3.238640354172884,0.06937799409736245,0.06222623033300172,0.0019226753486649723
4,50,1.0,10,1.04,True,4.250204895919512,0.08020963521625735,0.0405633486853841,0.013045371578826941
4,50,1.0,10,1.04,False,0.4144284072271187,0.05789671970214805,0.20473549961131543,0.008684142099345222
4,50,1.0,10,1.04,False,0.36675908076905195,0.010470191291352293,0.1575411955507023,0.03052073895127398
4,50,1.0,10,1.04,False,0.04699383645923483,0.0144312511510023,0.03737306246348956,0.00031353396965010485
4,50,1.0,10,1.04,False,0.136949439127509,0.006623280407256793,0.05356956755988693,0.0006387532516202725
4,50,1.0,10,1.04,True,3.90344506508197,0.012402336479756304,nan,nan
4,50,1.0,10,1.04,False,0.05609816808890411,0.022279592120199254,nan,nan
4,50,1.0,10,1.04,False,0.43955432834616026,0.10891835962978114,0.05112577728102821,0.001968782030075893
4,50,1.0,10,1.04,False,0.15636169436319047,0.21104177819105807,0.08665748473413551,0.0011909112027717083
4,50,1.0,10,1.04,False,0.021054775676481174,0.025578700627681084,nan,nan
4,50,1.0,10,1.04,False,0.04433697910048551,0.08971655143395729,0.027068509327105063,0.00024662664706018273
4,50,1.0,10,1.04,False,0.02225848838173139,0.031172586064319496,0.0534118420169395,0.0068479674883565435
4,50,1.0,10,1.04,False,0.23847450528138703,0.052869969850256826,0.12694530966755083,0.0025042051298582676
4,50,1.0,10,1.04,True,3.965631616996136,0.0387134782327081,nan,nan
4,50,1.0,10,1.04,True,3.2993872284172814,0.0632341276236672,0.0721547734334836,0.00361606255588059
4,50,1.0,10,1.04,True,4.252228899229092,0.17574320222149442,0.529477159323955,0.01956380851456824
4,50,1.0,10,1.04,False,0.09561015798786121,0.05481901139790102,0.19016788773862298,0.017024618543993217
4,50,1.0,10,1.04,True,3.7316376826275843,0.015090722372827603,0.2018288803914251,0.016133623598365527
4,50,1.0,10,1.04,False,0.022116161056369155,0.15928481671585404,0.03792152678015671,0.00010126036292817138
4,50,1.0,10,1.04,False,0.03133537297828326,0.09441056729081332,0.05581715705425969,0.0005303292540978517
4,50,1.0,10,1.04,True,3.904688926024783,0.018390412146917612,nan,nan
4,50,1.0,10,1.04,True,3.1582521325245607,0.09731132759063188,nan,nan
4,50,1.0,10,1.04,True,3.9501047293203575,0.13220249687481456,0.0,0.002795435173425534
4,50,1.0,10,1.04,False,0.16799426078796387,0.0,0.10847230233050183,nan
4,50,1.0,10,1.04,True,3.7290912082906993,0.06923468264635524,nan,nan
4,50,1.0,10,1.04,False,0.0636467367110809,0.03924990176993326,0.053242267540047086,0.00019698041258409945
4,50,1.0,10,1.04,True,4.186349210005519,0.152453441315628,0.06316052255157081,0.006558211554866097
4,50,1.0,10,1.04,False,0.04143095016479492,0.0,0.21065429977704525,nan
4,50,1.0,10,1.04,True,3.9771023341522103,0.13389222670946666,nan,nan
4,50,1.0,10,1.04,True,3.181217911017662,0.0730581202771039,0.02503783995641955,0.0024782549598548623
4,50,1.0,10,1.04,True,4.231900941220361,0.034787433993041184,0.016241337269614176,0.010388055754157017
4,50,1.0,10,1.04,True,3.771453106100592,0.0013606288240874953,0.03366006490474895,0.022670894011794673
4,50,1.0,10,1.04,False,0.21275405390179047,0.10175820947650438,0.203648281877004,0.012861203659966954
4,50,1.0,10,1.04,False,0.04435995558323924,0.03324011567307794,0.039474883621907576,0.0002760589069205602
4,50,1.0,10,1.04,False,0.08478611740839526,0.0363802832232798,0.05461784367957232,0.0005610282616933044
4,50,1.0,10,1.04,True,3.895068713897583,0.11554041423764216,nan,nan
4,50,1.0,10,1.04,False,0.04286050097028404,0.03446816968689692,nan,nan
4,50,1.0,10,1.04,False,0.03338922762758756,0.004038737927857472,0.009100616115066703,0.001475228535157872
4,50,1.0,10,1.04,False,0.0550548547667673,0.047671037922011994,0.09500720665515998,0.0015015991740851473
4,50,1.0,10,1.04,False,0.17413052888274194,0.02086918947526506,nan,nan
4,50,1.0,10,1.04,False,0.12169983532794637,0.015824361427294154,0.043408118226059625,0.00034839618785577613
4,50,1.0,10,1.04,False,0.0006974115493152411,0.06732166233832171,0.03968561683262968,0.0032221608177277466
4,50,1.0,10,1.04,False,0.015348918626684416,0.06851153582460467,0.10625804401178236,0.002191579864938083
4,50,1.0,10,1.04,True,3.956512241542542,0.10616127834907862,nan,nan
4,50,1.0,10,1.04,True,3.2395929499044187,0.07405183235075752,0.02194599825713535,0.0009416989674521037
4,50,1.0,10,1.04,True,4.253140052169784,0.04858452742278807,0.03090860619880962,0.01769273445299949
4,50,1.0,10,1.04,False,0.5422014816001175,0.0807587895557278,0.25087089261374484,0.016797742460417125
4,50,1.0,10,1.04,True,3.729527291421705,0.006147618862027748,0.017811506592026235,0.017559905972927857
4,50,1.0,10,1.04,False,0.0020998885637304454,0.03279532067016433,0.03706991002275085,0.0002590470587576591
4,50,1.0,10,1.04,False,0.44146845618707076,0.009167375355971785,0.061641718239461324,0.0007852012528920493
4,50,1.0,10,1.04,True,3.903818230262084,0.025868549545395414,nan,nan
4,50,1.0,10,1.04,False,0.03522331674815282,0.053547314366509724,nan,nan
4,50,1.0,10,1.04,False,0.11205622986545105,0.023706914764341835,0.008785666066489561,0.002451044784591974
4,50,1.0,10,1.04,False,0.1375729842002298,0.022540040987065524,0.08900300990947259,0.002598726947764534
4,50,1.0,10,1.04,False,0.06109252467154569,0.02752455375488383,nan,nan
4,50,1.0,10,1.04,False,0.09884067780839256,0.001927246506015834,0.04351760875952029,0.00033292171202360774
4,50,1.0,10,1.04,False,0.03409211361416098,0.04439248735835388,0.0636733897561157,0.0072879346511612545
4,50,1.0,10,1.04,False,0.272696099869977,0.012936078621381242,0.11094804078094055,0.002751975333836697
4,50,1.0,10,1.04,True,3.9592367847754453,0.0993452695699153,nan,nan
4,50,1.0,10,1.04,True,3.2288895918424263,0.06132556262622124,0.08900918801747158,0.002693627253078514
4,50,1.0,10,1.04,True,4.249024195461754,0.0698855689218032,0.43794166075443464,0.017014953083221648
4,50,1.0,10,1.04,False,0.021612825059007967,0.05715615310515565,0.2034402901777993,0.024131987776473185
4,50,1.0,10,1.04,True,3.7289137067924307,0.008173886284158272,0.0817903307993786,0.03199002766564761
4,50,1.0,10,1.04,False,0.0037127226384892076,0.009026391551580026,0.025559581871234353,0.00032668546184752274
4,50,1.0,10,1.04,False,0.749979846789274,0.009376588987691115,0.08176450788442431,0.000477849754763562
4,50,1.0,10,1.04,True,3.9030774290232304,0.01365301661923679,nan,nan
4,50,1.0,10,1.04,False,0.08901668670572338,0.054398235215452395,nan,nan
4,50,1.0,10,1.04,False,0.08246073691553413,0.01769316925752662,0.018344313178549426,0.0012307447033736312
4,50,1.0,10,1.04,False,0.09151051976388569,0.021448369490466135,0.09035704112275869,0.00287771939673541
4,50,1.0,10,1.04,False,0.04210780937248959,0.02450267486785096,nan,nan
4,50,1.0,10,1.04,False,0.07569529651828866,0.0006954020688203499,0.03395318431984977,0.00022223395829336072
4,50,1.0,10,1.04,False,0.09396870314351169,0.04246154959436588,0.05092484353397588,0.00426466104775166
4,50,1.0,10,1.04,False,0.043860844468763815,0.008916645507918375,0.10729744834247387,0.0045484044988618536
4,50,1.0,10,1.04,True,3.9604687338966835,0.1040481512665119,nan,nan
4,50,1.0,10,1.04,True,3.231609378777926,0.061202128595311045,0.053901327795583,0.0016341454192445714
4,50,1.0,10,1.04,True,4.2499665938144435,0.07828746933859065,0.014046334428869994,0.019328657067905965
4,50,1.0,10,1.04,False,0.09252205268328817,0.0571995347095533,0.16613967318086095,0.014360771394834847
4,50,1.0,10,1.04,True,3.729866751788824,0.0062601263575516874,0.19015042373850044,0.031177684512107007
4,50,1.0,10,1.04,False,0.03422898253001572,0.00814771477221976,0.03553724699444825,0.0003413879878761956
4,50,1.0,10,1.04,False,0.024355872928579103,0.00777114411788471,0.0550731785765755,0.0002802768482990325
4,50,1.0,10,1.04,True,3.9034960488262485,0.017618062490743824,nan,nan
4,50,1.0,10,1.04,False,0.05974864669079061,0.06572941375153807,nan,nan
4,50,1.0,10,1.04,False,0.14740860453767635,0.03867970950812394,0.008698774181341287,0.0005288985733860389
4,50,1.0,10,1.04,False,0.0913048690730136,0.02260036419549838,0.09573076940469309,0.0031047157124022328
4,50,1.0,10,1.04,False,0.09556866709138045,0.03420544114752344,nan,nan
4,50,1.0,10,1.04,False,0.09384291409181778,0.00467404916524039,0.07838132448568723,0.00015750579050010147
4,50,1.0,10,1.04,False,0.0467442223992105,0.07326316165011804,0.04661719241315261,0.007071336091305673
4,50,1.0,10,1.04,False,0.13035456991702965,0.03620957571791106,0.10191608999600102,0.0034773931290197754
4,50,1.0,10,1.04,True,3.9571403772195746,0.09783229292431983,nan,nan
4,50,1.0,10,1.04,True,3.2496668171242553,0.09204475898904274,0.9625305062384606,0.001965667163124332
4,50,1.0,10,1.04,True,4.25088104328607,0.054707118482298256,0.04009820184412449,0.008640916692882295
4,50,1.0,10,1.04,False,0.0660961167737022,0.05934114653264588,0.17331762623301666,0.01468078854716282
4,50,1.0,10,1.04,True,3.7304573729091333,0.0031996789863519837,0.01550519868642619,0.01993721410356236
4,50,1.0,10,1.04,False,0.0016000406126859268,0.0029936651556767835,0.035691191953010654,0.0003395352449540948
4,50,1.0,10,1.04,False,0.05998540354036308,0.0023529224555272066,0.06811586148063956,0.0008100229749261307
4,50,1.0,10,1.04,True,3.903984625295425,0.030758570788723016,nan,nan
4,50,1.0,10,1.04,True,3.166817150502657,0.01716891014062183,nan,nan
4,50,1.0,10,1.04,True,3.966862188427708,0.05986138830053811,0.09423612897166675,0.0037190257782159174
4,50,1.0,10,1.04,False,0.04716090018925989,0.009494601667136227,0.09374205166700354,0.0022498902434592988
4,50,1.0,10,1.04,True,3.7367597048369996,0.004797748504405064,nan,nan
4,50,1.0,10,1.04,False,0.11043041294037392,0.025858542965751852,0.062066690465637925,0.0002370516049483238
4,50,1.0,10,1.04,False,0.08302247603756818,0.005480928149733444,0.1126259212897734,0.0074641375450354205
4,50,1.0,10,1.04,False,0.16616661737113114,0.019966566839376476,0.11095142591284221,0.004357450412132798
4,50,1.0,10,1.04,True,3.9465824759492887,0.03672513950763312,nan,nan
4,50,1.0,10,1.04,True,3.1881552662483488,0.040836396923878304,0.015004039338165498,0.00168095755477631
4,50,1.0,10,1.04,True,4.243749385353351,0.06277328742098565,0.0,0.01944885462929279
4,50,1.0,10,1.04,False,0.05476747357753187,0.03414318952251527,0.16778216916569585,0.019952631550302097
4,50,1.0,10,1.04,True,3.723996927574764,0.08764478977019685,0.06602820438409136,0.018254260685586582
4,50,1.0,10,1.04,False,0.042446092039503114,0.08383611220858844,0.03990028201015427,0.00013735344343007835
4,50,1.0,10,1.04,False,0.21311116520913664,0.012443768696600799,0.05223745768081234,0.0004334459559138527
4,50,1.0,10,1.04,True,3.9028053730294814,0.0019353165605902056,nan,nan
4,50,1.0,10,1.04,False,0.15048594348534117,0.07770486063703874,nan,nan
4,50,1.0,10,1.04,False,0.10169086820754103,0.08122941089468227,0.023357297342490476,0.002670054870340418
4,50,1.0,10,1.04,False,0.1403508335739927,0.047143534429447076,0.09698719806897585,0.0020102424006140066
4,50,1.0,10,1.04,False,0.05220729134568236,0.02272877307022325,nan,nan
4,50,1.0,10,1.04,False,0.0825430434418668,0.03146989783221876,0.052118594811760455,0.00012715459961977336
4,50,1.0,10,1.04,False,0.017874151037381658,0.06321196933782591,0.05274293655107989,0.0071479049697705
4,50,1.0,10,1.04,False,0.047508150761677914,0.03662014385270185,0.10461106965711442,0.005947027399405967
4,50,1.0,10,1.04,True,3.9524402763894213,0.046691068774364464,nan,nan
4,50,1.0,10,1.04,True,3.2514567562635333,0.10300103137798056,3.345268304856455,0.0008866715046327562
4,50,1.0,10,1.04,True,4.248961327151327,0.02926395298764728,0.06634152093482515,0.024425962087400797
4,50,1.0,10,1.04,False,0.07986886736887477,0.21847899842653629,0.1758092046640446,0.013410478656929277
4,50,1.0,10,1.04,True,3.734229925138916,0.0780017611919237,0.01716932192981072,0.026434547741519248
4,50,1.0,10,1.04,False,4.03088654188366e-06,0.006448640237181724,0.035694380415739545,0.00042335378341611964
4,50,1.0,10,1.04,False,1.0018440356889142,0.010286418305387457,0.0856523830714052,0.0006727867127436802
4,50,1.0,10,1.04,True,3.903306487493296,0.029886691286060252,nan,nan
4,50,1.0,10,1.04,False,0.06368337171695915,0.03346189817138212,nan,nan
4,50,1.0,10,1.04,False,0.14475448730761098,0.0038189989297929827,0.009360178668581976,0.0011666203968840297
4,50,1.0,10,1.04,False,0.08397681007475422,0.033640614155519,0.09521218415608171,0.002790598790179221
4,50,1.0,10,1.04,False,0.042459740028016224,0.026973330704735066,nan,nan
4,50,1.0,10,1.04,False,0.056726888941041054,0.031039464193141963,0.031048650704881588,0.00020621940490503634
4,50,1.0,10,1.04,False,0.04514920874600925,0.007698917056443655,0.05192753087084769,0.0022933895530097476
4,50,1.0,10,1.04,False,0.022287689102614472,0.0035601635974469303,0.10537304352684099,0.003808033744405178
4,50,1.0,10,1.04,True,3.9581432151337075,0.12592819141904643,nan,nan
4,50,1.0,10,1.04,True,3.2371739245636846,0.08169302812646917,0.0331401188065411,0.002827387875486291
4,50,1.0,10,1.04,True,4.2495900540458775,0.07655244757518709,0.11353561372025468,0.02192149210264137
4,50,1.0,10,1.04,False,0.2493160704265538,0.09361236935339345,0.15910264325781157,0.006950874911974485
4,50,1.0,10,1.04,True,3.731590293462007,0.01372844054564304,0.06037582477533776,0.028078710922610366
4,50,1.0,10,1.04,False,0.03003897063582217,0.004005635649374284,0.0386599200815797,0.0001738402410102438
4,50,1.0,10,1.04,False,0.08481515237423487,0.008200206879529048,0.05638289514892205,0.0006941738144257152
4,50,1.0,10,1.04,True,3.9028127207871988,0.0215313159147823,nan,nan
4,50,1.0,10,1.04,False,0.03054129729015642,0.0757486680035484,nan,nan
4,50,1.0,10,1.04,False,0.08048650286856596,0.07729716216170157,0.014155329581521471,0.0014417175950196732
4,50,1.0,10,1.04,True,3.2867862765716858,0.018715118491769545,0.006030968423295498,0.005013689502272803
4,50,1.0,10,1.04,False,0.04468927876023665,0.05384556132191465,nan,nan
4,50,1.0,10,1.04,False,0.07240902952765937,0.015852729775476693,0.04551394612752414,0.0003594614237286527
4,50,1.0,10,1.04,False,0.030743315631847068,0.03315317058387279,0.04758833231478134,0.004173238871942114
4,50,1.0,10,1.04,True,3.4883921403333438,0.0399927333831247,0.0,0.003808178641971739
4,50,1.0,10,1.04,True,3.9593911292635227,0.14067850610250332,nan,nan
4,50,1.0,10,1.04,True,3.24241031176625,0.1123685849389493,0.026948553502225046,0.001579675874855673
4,50,1.0,10,1.04,True,4.24845351569592,0.06888338430783936,0.01060980692679544,0.032651082112321934
4,50,1.0,10,1.04,False,0.29828383400653724,0.16017279816893382,0.18397989127554235,0.02120961132565606
4,50,1.0,10,1.04,True,3.732758515124166,0.010374267039968466,0.01131991243981449,0.02753039190005374
4,50,1.0,10,1.04,False,0.016474185075747272,0.016049090857306325,0.03851357001405534,0.0002574721191360777
4,50,1.0,10,1.04,False,0.031085820436857148,0.0002418425943018221,0.06975060969119116,0.0009606668665440171
4,50,1.0,10,1.04,True,3.90720162565782,0.05123425891507338,nan,nan
4,50,1.0,10,1.04,False,0.03622246892737202,0.050525978953308126,nan,nan
4,50,1.0,10,1.04,False,0.05634305066677525,0.018431331106858906,0.010972636130477963,0.0027822149927540256
4,50,1.0,10,1.04,False,0.04645208741571505,0.026765124330715206,0.09170381052282894,0.0015660443629611056
4,50,1.0,10,1.04,False,0.05416923156379028,0.0230285757793407,nan,nan
4,50,1.0,10,1.04,False,0.05745160500964941,0.0009796271050332983,0.038829495703717846,0.00033479561557095416
4,50,1.0,10,1.04,False,0.013204451352804014,0.043390756355456084,0.04644107382779963,0.006799427904214068
4,50,1.0,10,1.04,False,0.00908878197639229,0.006694188736196427,0.1225435895376396,0.004548548409911512
4,50,1.0,10,1.04,True,3.958584331156661,0.09579713873418205,nan,nan
4,50,1.0,10,1.04,True,3.23181558616104,0.06149690380761497,0.035507930763468205,0.002272904555164615
4,50,1.0,10,1.04,True,4.2501252814230295,0.08007167327939158,0.14018182773232693,0.00684275917294309
4,50,1.0,10,1.04,False,0.42825194764121743,0.056300602588364335,0.15097736046148338,0.011087675926464811
4,50,1.0,10,1.04,True,3.7301141974643066,0.004867815295722888,0.06218432117824086,0.017306642346105485
4,50,1.0,10,1.04,False,0.020833983736807227,0.008512312934573885,0.03666444024378214,0.0001547922900826145
4,50,1.0,10,1.04,False,0.0495536740870568,0.0015582520531536304,0.055976996904338334,0.0005083524066383214
4,50,1.0,10,1.04,True,3.9032061045129396,0.013660950891307255,nan,nan
4,50,1.0,10,1.04,False,0.05022170319742125,0.07582720855696001,nan,nan
4,50,1.0,10,1.04,False,0.0830949271777337,0.0011493130559339093,0.026021451082040053,0.003572406285480263
4,50,1.0,10,1.04,False,0.04195157907774405,0.02043342661804104,0.09408284397197336,0.0009802343319011008
4,50,1.0,10,1.04,False,0.03193549005779106,0.04990021342437112,nan,nan
4,50,1.0,10,1.04,False,0.0708108889067991,0.011064991145097292,0.06168394343021158,0.0001807341459870637
4,50,1.0,10,1.04,False,0.09564698254183579,0.032551054214394526,0.05074292211886885,0.003206538720623585
4,50,1.0,10,1.04,False,0.11727126142043831,0.00837979331007288,0.14190499290489852,0.006508217726989614
4,50,1.0,10,1.04,True,3.954885202643133,0.07628995487439783,nan,nan
4,50,1.0,10,1.04,True,3.2370196746512945,0.05382626215998254,0.14746873487044243,0.0009769027112869239
4,50,1.0,10,1.04,True,4.248351972785359,0.06697128930553298,0.5493673328790178,0.012901572822558216
4,50,1.0,10,1.04,False,0.04849215733274592,0.0853128684030291,0.1959819947660541,0.021064162621312867
4,50,1.0,10,1.04,True,3.725488810479065,0.03450893609919703,0.09982709206405842,0.02534198587523039
4,50,1.0,10,1.04,False,0.0012196543876985544,0.021818527641636276,0.030968986959537665,0.000230735117282569
4,50,1.0,10,1.04,False,0.34009521070989557,0.01329856423557807,0.06353795555988255,0.0005696650071154255
4,50,1.0,10,1.04,True,3.9042810273286657,0.03565395397005933,nan,nan
4,50,1.0,10,1.04,False,0.06651541641846848,0.06886105596580183,nan,nan
4,50,1.0,10,1.04,False,0.11505732927429424,0.058192355777763716,0.013744476197063826,0.0022809549179199696
4,50,1.0,10,1.04,False,0.011005050843415631,0.0033066438721172098,0.08952935714583225,0.0037489053606470295
4,50,1.0,10,1.04,False,0.07542903658899958,0.07184128739129125,nan,nan
4,50,1.0,10,1.04,False,0.0682821273803711,0.0,0.05240243403488729,nan
4,50,1.0,10,1.04,False,0.09666852019724903,0.032101683737390196,0.06388515697231424,0.007674716495137061
4,50,1.0,10,1.04,False,0.04144247026972936,0.08796225238573019,0.12133712243492094,0.002702460383768204
4,50,1.0,10,1.04,True,3.9715946142843497,0.1615765982117474,nan,nan
4,50,1.0,10,1.04,True,3.250268397283286,0.141628139627342,0.02988853270064808,0.0011227072909285002
4,50,1.0,10,1.04,True,4.246003679198216,0.04148287658018823,0.005425635223976874,0.008680832164457343
4,50,1.0,10,1.04,False,0.010896148619030654,0.13126668740980918,0.20557716645431287,0.02313383774076687
4,50,1.0,10,1.04,False,0.05709096108757583,0.015035130436021671,0.19777140357917739,0.020497748993669743
4,50,1.0,10,1.04,False,0.02573132843687098,0.08138518155190999,0.03926120905832191,0.000422348094441684
4,50,1.0,10,1.04,False,0.04092147962914083,0.030290273753174723,0.06918610144710831,0.0005319630007906654
4,50,1.0,10,1.04,True,3.9002628606591716,0.04122782946381687,nan,nan
4,50,1.0,10,1.04,False,0.06774821917728202,0.12159278792022077,nan,nan
4,50,1.0,10,1.04,False,0.12748716093880885,0.006317573910045837,0.008756660239954459,0.0021566103232338305
4,50,1.0,10,1.04,False,0.023957316218311764,0.04777125621596312,0.0938818348225116,0.004587740210889975
4,50,1.0,10,1.04,False,0.021041282304031572,0.0514576999650056,nan,nan
4,50,1.0,10,1.04,False,0.0010141200867694877,0.028795299160626175,0.0450704377590468,0.0002508697481793481
4,50,1.0,10,1.04,False,0.0774315793106366,0.018074040916234324,0.059534531315885104,0.002469895558131178
4,50,1.0,10,1.04,False,0.05081772804260254,0.0,0.08978233421863052,nan
4,50,1.0,10,1.04,True,3.9637488540260692,0.08676047190389102,nan,nan
4,50,1.0,10,1.04,True,3.23989254992073,0.06092172098044335,0.058367297964548134,0.002666113455426274
4,50,1.0,10,1.04,True,4.25608806663478,0.11510404607886482,0.019773192440002342,0.013557669748524343
4,50,1.0,10,1.04,False,0.09514208792946954,0.003056937457596387,0.27895973570079874,0.011913515395602379
4,50,1.0,10,1.04,True,3.7284809113764923,0.0245343158223279,0.0949375686467965,0.025652469387174914
4,50,1.0,10,1.04,False,0.03151738468068688,0.008218016272953488,0.03729258640751907,0.0003675895314853161
4,50,1.0,10,1.04,False,1.3126121817473386,0.02103829414251912,0.04740556415876672,0.0004176928587868528
4,50,1.0,10,1.04,True,3.9021015528106964,0.011175786621897998,nan,nan
4,50,1.0,10,1.04,False,0.14731362240723866,0.014909850593766816,nan,nan
4,50,1.0,10,1.04,False,0.06880844039904943,0.03491460203182939,0.00920022382621748,0.0018101573429055691
4,50,1.0,10,1.04,False,0.015619646329458892,0.01777720110190284,0.1041035279882119,0.0013023237435061264
4,50,1.0,10,1.04,False,0.04506783536296988,0.030575148986824452,nan,nan
4,50,1.0,10,1.04,False,0.09788306973793404,0.012826294097820323,0.037633280440747346,0.00019025279168127465
4,50,1.0,10,1.04,False,0.07253100501869181,0.02686930461359971,0.05467491986520202,0.010368846606303377
4,50,1.0,10,1.04,False,0.062242173942135715,0.01832909793693771,0.10407783093499134,0.0017514927344985548
4,50,1.0,10,1.04,True,3.959515601294183,0.09451763831598736,nan,nan
4,50,1.0,10,1.04,True,3.2293361178120885,0.06654736125672578,0.036539878089339735,0.0012991496511841453
4,50,1.0,10,1.04,True,4.245030732364259,0.07198809474276668,0.43153731598532696,0.013703175025647425
4,50,1.0,10,1.04,False,0.01393555805106228,0.06611533057730767,0.2606049353168043,0.022766037034911663
4,50,1.0,10,1.04,True,3.7277491841420614,0.012641870746600059,0.20154974277907822,0.021469164384240066
4,50,1.0,10,1.04,False,0.044483849697128264,0.05299205056813783,0.0408917657982776,8.170590121288994e-05
4,50,1.0,10,1.04,False,0.08151468086143332,0.01847733209791258,0.05654671677462543,0.000751913563609582
4,50,1.0,10,1.04,True,3.9016437333795544,0.006718236146412426,nan,nan
4,50,1.0,10,1.04,False,0.021135093556668316,0.10916979742967792,nan,nan
4,50,1.0,10,1.04,False,0.16278694416273387,0.13133378076058078,0.011172609354583269,0.0050314498299360525
4,50,1.0,10,1.04,False,0.007094383239746094,0.0,0.05356538635012343,nan
4,50,1.0,10,1.04,False,0.09925716007759888,0.029369342780132257,nan,nan
4,50,1.0,10,1.04,False,0.054075002670288086,0.0,0.050826385168210864,nan
4,50,1.0,10,1.04,False,0.01815603171976221,0.023010497794199836,0.06946646948993729,0.0025891154910442056
4,50,1.0,10,1.04,False,0.10301220239777109,0.05554270760280611,0.09997309152422232,0.005651204172193439
4,50,1.0,10,1.04,True,3.960362893537348,0.005804592706826206,nan,nan
4,50,1.0,10,1.04,True,3.199729140778547,0.12251760727921068,0.021444544753883514,0.002428743975709741
4,50,1.0,10,1.04,True,4.253629151057879,0.06764519285414572,0.06289007007209062,0.011786425140110874
4,50,1.0,10,1.04,False,0.03349636442300108,0.005538182901100974,0.2564108277222303,0.017944211474954837
4,50,1.0,10,1.04,False,0.04650815631269456,0.1384888890517244,0.17307651848094727,0.017294824663187346
4,50,1.0,10,1.04,False,0.07687395012170128,0.03219580912894049,0.036544428293847554,0.00027018103496450534
4,50,1.0,10,1.04,False,1.2864748225733376,0.07647855469696285,0.04689112188897581,0.000898817085672712
4,50,1.0,10,1.04,True,3.9068486813333623,0.09818800183114362,nan,nan
4,50,1.0,10,1.04,False,0.045202091981132675,0.0695847373291758,nan,nan
4,50,1.0,10,1.04,False,0.07374094469654446,0.0724469164093704,0.01437368358577844,0.0018203672785364266
4,50,1.0,10,1.04,True,3.239124998638494,0.03638316001703945,0.007545963004728327,0.002750234962318309
4,50,1.0,10,1.04,False,0.025767243343471247,0.08131552652153484,nan,nan
4,50,1.0,10,1.04,False,0.09615816584079262,0.020766849451010927,0.0471731273269151,0.00036735606046244023
4,50,1.0,10,1.04,False,0.008685295294944773,0.09431559904145637,0.0545537443174585,0.005821622526039427
4,50,1.0,10,1.04,True,3.4801109001954726,0.023738272313621245,0.0,0.0031700759345791646
4,50,1.0,10,1.04,True,3.960888372250416,0.04642564826948892,nan,nan
4,50,1.0,10,1.04,True,3.302033075765672,0.2438326704571412,0.053615132928183776,0.0018895520190722987
4,50,1.0,10,1.04,True,4.2284875975753105,0.17022788543855683,0.30047438546630534,0.0077010739946419575
4,50,1.0,10,1.04,False,0.0879208385684147,0.15961044030825144,0.16655968738862806,0.018604418264272223
4,50,1.0,10,1.04,True,3.724857604287512,0.061296121557523175,0.02886265109701624,0.018287828770331225
4,50,1.0,10,1.04,False,0.04538989067077637,0.0,0.049020023132498404,nan
4,50,1.0,10,1.04,False,0.6452016703347914,0.09684030452898185,0.05888256437469584,0.0010010083555979583
4,50,1.0,10,1.04,True,3.899604657564512,0.09246762956796761,nan,nan
4,50,1.0,10,1.04,True,3.164352927414235,0.14818193046598926,nan,nan
4,50,1.0,10,1.04,True,3.9387086595019123,0.04453182875501627,0.007095906574108038,0.001751088879984429
4,50,1.0,10,1.04,True,3.2675414522620083,0.024920391928155095,0.0,0.003785911964330749
4,50,1.0,10,1.04,True,3.726401753331088,0.14563384036273774,nan,nan
4,50,1.0,10,1.04,False,0.3112489891182082,0.020079782573380722,0.05257236076812442,0.00037156771642189767
4,50,1.0,10,1.04,False,0.10205338339899228,0.009302072154774521,0.11265284064070155,0.004610486392114959
4,50,1.0,10,1.04,True,3.4688245230913153,0.12197763703586872,0.0,0.009676849540341205
4,50,1.0,10,1.04,True,3.9674655644656314,0.22687427879992672,nan,nan
4,50,1.0,10,1.04,True,3.207041480315233,0.02058912171421934,0.09148611767306979,0.001223093462305905
4,50,1.0,10,1.04,True,4.25108498194494,0.06738382628106088,0.0,0.008355884445134073
4,50,1.0,10,1.04,False,0.2862689209939533,0.1645538871467389,0.18325316961907576,0.03205327743448661
4,50,1.0,10,1.04,True,3.7231560809539967,0.02303185713535605,0.20481217367248108,0.025928192320106153
4,50,1.0,10,1.04,False,0.022460674524602098,0.004446225657646519,0.04044420771663909,0.0003307312612457076
4,50,1.0,10,1.04,True,4.13325921315646,0.018680695579827322,0.08506026712317406,0.0006511318248466932
4,50,1.0,10,1.04,True,3.896585938412254,0.2255801400119073,nan,nan
4,50,1.0,10,1.04,False,0.02088541199067695,0.048915887918544065,nan,nan
4,50,1.0,10,1.04,False,0.0014539502529533621,0.005824241537806252,0.009037358023601404,0.0014005996716862723
4,50,1.0,10,1.04,False,0.07988673137024449,0.029772595633922094,0.09553598273830291,0.002691668980046753
4,50,1.0,10,1.04,False,0.08023039144415689,0.016080908840828023,nan,nan
4,50,1.0,10,1.04,False,0.016762808980350652,0.001975832470940464,0.03251672756613354,0.0002720634083185347
4,50,1.0,10,1.04,False,0.005945702239936956,0.034898278108945746,0.05989874384104897,0.009202265526285641
4,50,1.0,10,1.04,False,0.04965482494154294,0.0164411875787267,0.10446033846430228,0.004577953660373704
4,50,1.0,10,1.04,True,3.9565481427408318,0.08917854609640719,nan,nan
4,50,1.0,10,1.04,True,3.2362538462154147,0.06427371811035876,0.06385293256720773,0.0016349942127680186
4,50,1.0,10,1.04,True,4.252983841564412,0.10134776939428747,0.06795000092459552,0.01566249614936122
4,50,1.0,10,1.04,False,0.05463908010303298,0.05678453553314666,0.19515772074730356,0.021981530472372918
4,50,1.0,10,1.04,True,3.7326173932531193,0.00303797762700464,0.05538979104543352,0.030719464490601617
4,50,1.0,10,1.04,False,0.0038322440773939093,0.0038030996918960724,0.03806865600218152,9.201202133146547e-05
4,50,1.0,10,1.04,False,0.004196290311854867,0.007120008449964743,0.07086664897250007,0.0006202904370772342
4,50,1.0,10,1.04,True,3.9033354010349317,0.017167413720148517,nan,nan
